"Description:","Unknown Tag: 'Description'","NULL"
"Url:","Unknown Tag: 'URL'","NULL"
"Submitted on:","NULL","NULL"
"Link Owner Name:","Unknown Tag: 'Contact_Name'","NULL"
"Link Owner Email:","This information is confidential but if it's absolutely necessary please Contact Us","NULL"
"Category:","","NULL"
"Save It : Rate It : Report Dead Link! : Send To a Friend!","Save It : Rate It : Report Dead Link! : Send To a Friend!","NULL","Save It : Rate It : Report Dead Link! : Send To a Friend!"
"NULL"
"NULL"
"NULL"
